ColorWord,FontColor,Congruency,CorrectResponse,PracticeLoop.thisRepN,PracticeLoop.thisTrialN,PracticeLoop.thisN,PracticeLoop.thisIndex,BlockLoop.thisRepN,BlockLoop.thisTrialN,BlockLoop.thisN,BlockLoop.thisIndex,TrialLoop.thisRepN,TrialLoop.thisTrialN,TrialLoop.thisN,TrialLoop.thisIndex,Resp_Prac.keys,Resp_Prac.corr,Resp_Prac.rt,Response.keys,Response.corr,Response.rt,participant,age,gender,session,date,expName,frameRate,
green,red,incongruent,d,0,0,0,8,,,,,,,,,j,0,0.8997876860958058,,,,1,19,female,001,2018_Sep_16_2114,StroopExperiment_Full_version1,59.964430305523024,
yellow,yellow,congruent,k,0,1,1,15,,,,,,,,,j,0,0.38416205483372323,,,,1,19,female,001,2018_Sep_16_2114,StroopExperiment_Full_version1,59.964430305523024,
yellow,green,incongruent,j,0,2,2,14,,,,,,,,,j,1,0.26698501795181073,,,,1,19,female,001,2018_Sep_16_2114,StroopExperiment_Full_version1,59.964430305523024,
green,blue,incongruent,f,0,3,3,9,,,,,,,,,j,0,0.25079962256131694,,,,1,19,female,001,2018_Sep_16_2114,StroopExperiment_Full_version1,59.964430305523024,
yellow,blue,incongruent,f,0,4,4,13,,,,,,,,,j,0,0.21757625346072018,,,,1,19,female,001,2018_Sep_16_2114,StroopExperiment_Full_version1,59.964430305523024,
yellow,red,incongruent,d,0,5,5,12,,,,,,,,,j,0,0.25041524492553435,,,,1,19,female,001,2018_Sep_16_2114,StroopExperiment_Full_version1,59.964430305523024,
red,yellow,incongruent,k,0,6,6,3,,,,,,,,,j,0,0.13369545884779654,,,,1,19,female,001,2018_Sep_16_2114,StroopExperiment_Full_version1,59.964430305523024,
red,green,incongruent,j,0,7,7,2,,,,,,,,,j,1,0.14982912564300932,,,,1,19,female,001,2018_Sep_16_2114,StroopExperiment_Full_version1,59.964430305523024,
blue,red,incongruent,d,0,8,8,4,,,,,,,,,j,0,0.15031016408465803,,,,1,19,female,001,2018_Sep_16_2114,StroopExperiment_Full_version1,59.964430305523024,
green,green,congruent,j,0,9,9,10,,,,,,,,,j,1,0.15045628798543476,,,,1,19,female,001,2018_Sep_16_2114,StroopExperiment_Full_version1,59.964430305523024,
blue,yellow,incongruent,k,0,10,10,7,,,,,,,,,j,0,0.15029996939119883,,,,1,19,female,001,2018_Sep_16_2114,StroopExperiment_Full_version1,59.964430305523024,
red,blue,incongruent,f,0,11,11,1,,,,,,,,,j,0,0.11721517256228253,,,,1,19,female,001,2018_Sep_16_2114,StroopExperiment_Full_version1,59.964430305523024,
green,yellow,incongruent,k,0,12,12,11,,,,,,,,,j,0,0.11715929055935703,,,,1,19,female,001,2018_Sep_16_2114,StroopExperiment_Full_version1,59.964430305523024,
blue,blue,congruent,f,0,13,13,5,,,,,,,,,j,0,0.133582184498664,,,,1,19,female,001,2018_Sep_16_2114,StroopExperiment_Full_version1,59.964430305523024,
blue,green,incongruent,j,0,14,14,6,,,,,,,,,j,1,0.13308188944938593,,,,1,19,female,001,2018_Sep_16_2114,StroopExperiment_Full_version1,59.964430305523024,
red,red,congruent,d,0,15,15,0,,,,,,,,,j,0,0.20040046263602562,,,,1,19,female,001,2018_Sep_16_2114,StroopExperiment_Full_version1,59.964430305523024,
blue,red,incongruent,d,,,,,0,0,0,0,0,0,0,4,,,,j,0,0.20027925903559662,1,19,female,001,2018_Sep_16_2114,StroopExperiment_Full_version1,59.964430305523024,
red,red,congruent,d,,,,,0,0,0,0,0,1,1,0,,,,j,0,0.7998717734299134,1,19,female,001,2018_Sep_16_2114,StroopExperiment_Full_version1,59.964430305523024,
red,blue,incongruent,f,,,,,0,0,0,0,0,2,2,1,,,,j,0,0.16683085155091248,1,19,female,001,2018_Sep_16_2114,StroopExperiment_Full_version1,59.964430305523024,
blue,yellow,incongruent,k,,,,,0,0,0,0,0,3,3,7,,,,j,0,0.08381094207288697,1,19,female,001,2018_Sep_16_2114,StroopExperiment_Full_version1,59.964430305523024,
green,blue,incongruent,f,,,,,0,0,0,0,0,4,4,9,,,,j,0,0.08357419868116267,1,19,female,001,2018_Sep_16_2114,StroopExperiment_Full_version1,59.964430305523024,
green,yellow,incongruent,k,,,,,0,0,0,0,0,5,5,11,,,,j,0,0.016955661034444347,1,19,female,001,2018_Sep_16_2114,StroopExperiment_Full_version1,59.964430305523024,
yellow,red,incongruent,d,,,,,0,0,0,0,0,6,6,12,,,,j,0,0.017039106489391997,1,19,female,001,2018_Sep_16_2114,StroopExperiment_Full_version1,59.964430305523024,
blue,green,incongruent,j,,,,,0,0,0,0,0,7,7,6,,,,j,1,0.00029413573793135583,1,19,female,001,2018_Sep_16_2114,StroopExperiment_Full_version1,59.964430305523024,
red,green,incongruent,j,,,,,0,0,0,0,0,8,8,2,,,,j,1,0.033546578604727983,1,19,female,001,2018_Sep_16_2114,StroopExperiment_Full_version1,59.964430305523024,
red,yellow,incongruent,k,,,,,0,0,0,0,0,9,9,3,,,,j,0,0.00033869032631628215,1,19,female,001,2018_Sep_16_2114,StroopExperiment_Full_version1,59.964430305523024,
green,green,congruent,j,,,,,0,0,0,0,0,10,10,10,,,,j,1,0.46684893767815083,1,19,female,001,2018_Sep_16_2114,StroopExperiment_Full_version1,59.964430305523024,
green,red,incongruent,d,,,,,0,0,0,0,0,11,11,8,,,,j,0,0.23349054556456394,1,19,female,001,2018_Sep_16_2114,StroopExperiment_Full_version1,59.964430305523024,
blue,blue,congruent,f,,,,,0,0,0,0,0,12,12,5,,,,j,0,0.03439802420325577,1,19,female,001,2018_Sep_16_2114,StroopExperiment_Full_version1,59.964430305523024,
yellow,blue,incongruent,f,,,,,0,0,0,0,0,13,13,13,,,,j,0,0.13357803112012334,1,19,female,001,2018_Sep_16_2114,StroopExperiment_Full_version1,59.964430305523024,
yellow,green,incongruent,j,,,,,0,0,0,0,0,14,14,14,,,,j,1,0.05032213340746239,1,19,female,001,2018_Sep_16_2114,StroopExperiment_Full_version1,59.964430305523024,
yellow,yellow,congruent,k,,,,,0,0,0,0,0,15,15,15,,,,j,0,0.00035454874159768224,1,19,female,001,2018_Sep_16_2114,StroopExperiment_Full_version1,59.964430305523024,
red,green,incongruent,j,,,,,0,0,0,0,1,0,16,2,,,,j,1,0.5001576401409693,1,19,female,001,2018_Sep_16_2114,StroopExperiment_Full_version1,59.964430305523024,
yellow,green,incongruent,j,,,,,0,0,0,0,1,1,17,14,,,,j,1,0.15051632342510857,1,19,female,001,2018_Sep_16_2114,StroopExperiment_Full_version1,59.964430305523024,
blue,blue,congruent,f,,,,,0,0,0,0,1,2,18,5,,,,j,0,0.10027499237912707,1,19,female,001,2018_Sep_16_2114,StroopExperiment_Full_version1,59.964430305523024,
green,green,congruent,j,,,,,0,0,0,0,1,3,19,10,,,,j,1,0.0833952251705341,1,19,female,001,2018_Sep_16_2114,StroopExperiment_Full_version1,59.964430305523024,
blue,yellow,incongruent,k,,,,,0,0,0,0,1,4,20,7,,,,j,0,0.001254324713954702,1,19,female,001,2018_Sep_16_2114,StroopExperiment_Full_version1,59.964430305523024,
green,red,incongruent,d,,,,,0,0,0,0,1,5,21,8,,,,j,0,0.13372566536418162,1,19,female,001,2018_Sep_16_2114,StroopExperiment_Full_version1,59.964430305523024,
green,blue,incongruent,f,,,,,0,0,0,0,1,6,22,9,,,,j,0,0.01711990885087289,1,19,female,001,2018_Sep_16_2114,StroopExperiment_Full_version1,59.964430305523024,
yellow,yellow,congruent,k,,,,,0,0,0,0,1,7,23,15,,,,j,0,0.05018846964230761,1,19,female,001,2018_Sep_16_2114,StroopExperiment_Full_version1,59.964430305523024,
red,yellow,incongruent,k,,,,,0,0,0,0,1,8,24,3,,,,j,0,0.0003322714474052191,1,19,female,001,2018_Sep_16_2114,StroopExperiment_Full_version1,59.964430305523024,
red,blue,incongruent,f,,,,,0,0,0,0,1,9,25,1,,,,j,0,0.04980522475671023,1,19,female,001,2018_Sep_16_2114,StroopExperiment_Full_version1,59.964430305523024,
red,red,congruent,d,,,,,0,0,0,0,1,10,26,0,,,,j,0,0.4500956601696089,1,19,female,001,2018_Sep_16_2114,StroopExperiment_Full_version1,59.964430305523024,
yellow,blue,incongruent,f,,,,,0,0,0,0,1,11,27,13,,,,j,0,0.4668666840007063,1,19,female,001,2018_Sep_16_2114,StroopExperiment_Full_version1,59.964430305523024,
blue,red,incongruent,d,,,,,0,0,0,0,1,12,28,4,,,,j,0,0.416738627362065,1,19,female,001,2018_Sep_16_2114,StroopExperiment_Full_version1,59.964430305523024,
blue,green,incongruent,j,,,,,0,0,0,0,1,13,29,6,,,,j,1,0.41687795481993817,1,19,female,001,2018_Sep_16_2114,StroopExperiment_Full_version1,59.964430305523024,
yellow,red,incongruent,d,,,,,0,0,0,0,1,14,30,12,,,,j,0,0.4834409880277235,1,19,female,001,2018_Sep_16_2114,StroopExperiment_Full_version1,59.964430305523024,
green,yellow,incongruent,k,,,,,0,0,0,0,1,15,31,11,,,,j,0,0.283481917809695,1,19,female,001,2018_Sep_16_2114,StroopExperiment_Full_version1,59.964430305523024,
yellow,green,incongruent,j,,,,,0,0,0,0,2,0,32,14,,,,j,1,0.3167611689423211,1,19,female,001,2018_Sep_16_2114,StroopExperiment_Full_version1,59.964430305523024,
green,blue,incongruent,f,,,,,0,0,0,0,2,1,33,9,,,,j,0,0.43367201107321307,1,19,female,001,2018_Sep_16_2114,StroopExperiment_Full_version1,59.964430305523024,
red,blue,incongruent,f,,,,,0,0,0,0,2,2,34,1,,,,j,0,0.4670471678255126,1,19,female,001,2018_Sep_16_2114,StroopExperiment_Full_version1,59.964430305523024,
green,red,incongruent,d,,,,,0,0,0,0,2,3,35,8,,,,j,0,0.3006803635507822,1,19,female,001,2018_Sep_16_2114,StroopExperiment_Full_version1,59.964430305523024,
red,yellow,incongruent,k,,,,,0,0,0,0,2,4,36,3,,,,j,0,0.38376181878265925,1,19,female,001,2018_Sep_16_2114,StroopExperiment_Full_version1,59.964430305523024,
blue,red,incongruent,d,,,,,0,0,0,0,2,5,37,4,,,,j,0,0.1335787862772122,1,19,female,001,2018_Sep_16_2114,StroopExperiment_Full_version1,59.964430305523024,
blue,green,incongruent,j,,,,,0,0,0,0,2,6,38,6,,,,j,1,0.20022790800430812,1,19,female,001,2018_Sep_16_2114,StroopExperiment_Full_version1,59.964430305523024,
blue,yellow,incongruent,k,,,,,0,0,0,0,2,7,39,7,,,,j,0,0.1669263796065934,1,19,female,001,2018_Sep_16_2114,StroopExperiment_Full_version1,59.964430305523024,
green,yellow,incongruent,k,,,,,0,0,0,0,2,8,40,11,,,,j,0,0.16704456249135546,1,19,female,001,2018_Sep_16_2114,StroopExperiment_Full_version1,59.964430305523024,
red,red,congruent,d,,,,,0,0,0,0,2,9,41,0,,,,j,0,0.16710573068121448,1,19,female,001,2018_Sep_16_2114,StroopExperiment_Full_version1,59.964430305523024,
red,green,incongruent,j,,,,,0,0,0,0,2,10,42,2,,,,j,1,0.2003951764490921,1,19,female,001,2018_Sep_16_2114,StroopExperiment_Full_version1,59.964430305523024,
yellow,blue,incongruent,f,,,,,0,0,0,0,2,11,43,13,,,,j,0,0.13336243224330246,1,19,female,001,2018_Sep_16_2114,StroopExperiment_Full_version1,59.964430305523024,
green,green,congruent,j,,,,,0,0,0,0,2,12,44,10,,,,j,1,0.21700723862159066,1,19,female,001,2018_Sep_16_2114,StroopExperiment_Full_version1,59.964430305523024,
yellow,yellow,congruent,k,,,,,0,0,0,0,2,13,45,15,,,,j,0,0.13398279814282432,1,19,female,001,2018_Sep_16_2114,StroopExperiment_Full_version1,59.964430305523024,
blue,blue,congruent,f,,,,,0,0,0,0,2,14,46,5,,,,j,0,0.13362145295832306,1,19,female,001,2018_Sep_16_2114,StroopExperiment_Full_version1,59.964430305523024,
yellow,red,incongruent,d,,,,,0,0,0,0,2,15,47,12,,,,j,0,0.13365845591761172,1,19,female,001,2018_Sep_16_2114,StroopExperiment_Full_version1,59.964430305523024,
yellow,blue,incongruent,f,,,,,0,0,0,0,3,0,48,13,,,,j,0,0.16693242092151195,1,19,female,001,2018_Sep_16_2114,StroopExperiment_Full_version1,59.964430305523024,
blue,blue,congruent,f,,,,,0,0,0,0,3,1,49,5,,,,j,0,0.1671219666604884,1,19,female,001,2018_Sep_16_2114,StroopExperiment_Full_version1,59.964430305523024,
green,red,incongruent,d,,,,,0,0,0,0,3,2,50,8,,,,j,0,0.2837145078519825,1,19,female,001,2018_Sep_16_2114,StroopExperiment_Full_version1,59.964430305523024,
green,yellow,incongruent,k,,,,,0,0,0,0,3,3,51,11,,,,j,0,0.3504342372471001,1,19,female,001,2018_Sep_16_2114,StroopExperiment_Full_version1,59.964430305523024,
yellow,green,incongruent,j,,,,,0,0,0,0,3,4,52,14,,,,j,1,0.1335957774426788,1,19,female,001,2018_Sep_16_2114,StroopExperiment_Full_version1,59.964430305523024,
blue,green,incongruent,j,,,,,0,0,0,0,3,5,53,6,,,,j,1,0.13434829673497006,1,19,female,001,2018_Sep_16_2114,StroopExperiment_Full_version1,59.964430305523024,
red,red,congruent,d,,,,,0,0,0,0,3,6,54,0,,,,j,0,0.03386223647976294,1,19,female,001,2018_Sep_16_2114,StroopExperiment_Full_version1,59.964430305523024,
blue,yellow,incongruent,k,,,,,0,0,0,0,3,7,55,7,,,,j,0,0.1503271552210208,1,19,female,001,2018_Sep_16_2114,StroopExperiment_Full_version1,59.964430305523024,
red,yellow,incongruent,k,,,,,0,0,0,0,3,8,56,3,,,,j,0,0.017101029778132215,1,19,female,001,2018_Sep_16_2114,StroopExperiment_Full_version1,59.964430305523024,
yellow,yellow,congruent,k,,,,,0,0,0,0,3,9,57,15,,,,j,0,0.06731026640045457,1,19,female,001,2018_Sep_16_2114,StroopExperiment_Full_version1,59.964430305523024,
red,blue,incongruent,f,,,,,0,0,0,0,3,10,58,1,,,,j,0,0.03385090903611854,1,19,female,001,2018_Sep_16_2114,StroopExperiment_Full_version1,59.964430305523024,
green,blue,incongruent,f,,,,,0,0,0,0,3,11,59,9,,,,j,0,0.0003084838390350342,1,19,female,001,2018_Sep_16_2114,StroopExperiment_Full_version1,59.964430305523024,
red,green,incongruent,j,,,,,0,0,0,0,3,12,60,2,,,,j,1,0.0002888496092054993,1,19,female,001,2018_Sep_16_2114,StroopExperiment_Full_version1,59.964430305523024,
blue,red,incongruent,d,,,,,0,0,0,0,3,13,61,4,,,,j,0,0.00034435404813848436,1,19,female,001,2018_Sep_16_2114,StroopExperiment_Full_version1,59.964430305523024,
yellow,red,incongruent,d,,,,,0,0,0,0,3,14,62,12,,,,j,0,0.033699121413519606,1,19,female,001,2018_Sep_16_2114,StroopExperiment_Full_version1,59.964430305523024,
green,green,congruent,j,,,,,0,0,0,0,3,15,63,10,,,,j,1,0.0838135851372499,1,19,female,001,2018_Sep_16_2114,StroopExperiment_Full_version1,59.964430305523024,
red,blue,incongruent,f,,,,,0,0,0,0,4,0,64,1,,,,j,0,0.08384605712490156,1,19,female,001,2018_Sep_16_2114,StroopExperiment_Full_version1,59.964430305523024,
blue,yellow,incongruent,k,,,,,0,0,0,0,4,1,65,7,,,,j,0,0.0003239646612200886,1,19,female,001,2018_Sep_16_2114,StroopExperiment_Full_version1,59.964430305523024,
yellow,blue,incongruent,f,,,,,0,0,0,0,4,2,66,13,,,,j,0,0.03387545183068141,1,19,female,001,2018_Sep_16_2114,StroopExperiment_Full_version1,59.964430305523024,
green,blue,incongruent,f,,,,,0,0,0,0,4,3,67,9,,,,j,0,0.46691803506109864,1,19,female,001,2018_Sep_16_2114,StroopExperiment_Full_version1,59.964430305523024,
blue,blue,congruent,f,,,,,0,0,0,0,4,4,68,5,,,,j,0,0.19996813213219866,1,19,female,001,2018_Sep_16_2114,StroopExperiment_Full_version1,59.964430305523024,
red,yellow,incongruent,k,,,,,0,0,0,0,4,5,69,3,,,,j,0,0.11710680677788332,1,19,female,001,2018_Sep_16_2114,StroopExperiment_Full_version1,59.964430305523024,
green,green,congruent,j,,,,,0,0,0,0,4,6,70,10,,,,j,1,0.017318138969130814,1,19,female,001,2018_Sep_16_2114,StroopExperiment_Full_version1,59.964430305523024,
yellow,yellow,congruent,k,,,,,0,0,0,0,4,7,71,15,,,,j,0,0.06718830767204054,1,19,female,001,2018_Sep_16_2114,StroopExperiment_Full_version1,59.964430305523024,
blue,green,incongruent,j,,,,,0,0,0,0,4,8,72,6,,,,j,1,0.0003870207292493433,1,19,female,001,2018_Sep_16_2114,StroopExperiment_Full_version1,59.964430305523024,
green,yellow,incongruent,k,,,,,0,0,0,0,4,9,73,11,,,,j,0,0.050398404797306284,1,19,female,001,2018_Sep_16_2114,StroopExperiment_Full_version1,59.964430305523024,
green,red,incongruent,d,,,,,0,0,0,0,4,10,74,8,,,,j,0,0.00033076113322749734,1,19,female,001,2018_Sep_16_2114,StroopExperiment_Full_version1,59.964430305523024,
blue,red,incongruent,d,,,,,0,0,0,0,4,11,75,4,,,,j,0,0.45000390798668377,1,19,female,001,2018_Sep_16_2114,StroopExperiment_Full_version1,59.964430305523024,
red,green,incongruent,j,,,,,0,0,0,0,4,12,76,2,,,,j,1,0.25023929207236506,1,19,female,001,2018_Sep_16_2114,StroopExperiment_Full_version1,59.964430305523024,
yellow,green,incongruent,j,,,,,0,0,0,0,4,13,77,14,,,,j,1,0.20028567794361152,1,19,female,001,2018_Sep_16_2114,StroopExperiment_Full_version1,59.964430305523024,
yellow,red,incongruent,d,,,,,0,0,0,0,4,14,78,12,,,,j,0,0.033536383911268786,1,19,female,001,2018_Sep_16_2114,StroopExperiment_Full_version1,59.964430305523024,
red,red,congruent,d,,,,,0,0,0,0,4,15,79,0,,,,j,0,0.0337716170179192,1,19,female,001,2018_Sep_16_2114,StroopExperiment_Full_version1,59.964430305523024,
red,yellow,incongruent,k,,,,,1,0,1,0,0,0,0,3,,,,j,0,0.2669128999405075,1,19,female,001,2018_Sep_16_2114,StroopExperiment_Full_version1,59.964430305523024,
red,red,congruent,d,,,,,1,0,1,0,0,1,1,0,,,,j,0,0.34979914568248205,1,19,female,001,2018_Sep_16_2114,StroopExperiment_Full_version1,59.964430305523024,
red,green,incongruent,j,,,,,1,0,1,0,0,2,2,2,,,,j,1,0.11711662387824617,1,19,female,001,2018_Sep_16_2114,StroopExperiment_Full_version1,59.964430305523024,
yellow,blue,incongruent,f,,,,,1,0,1,0,0,3,3,13,,,,j,0,0.05044409213587642,1,19,female,001,2018_Sep_16_2114,StroopExperiment_Full_version1,59.964430305523024,
blue,green,incongruent,j,,,,,1,0,1,0,0,4,4,6,,,,j,1,0.00017595282406546175,1,19,female,001,2018_Sep_16_2114,StroopExperiment_Full_version1,59.964430305523024,
yellow,green,incongruent,j,,,,,1,0,1,0,0,5,5,14,,,,j,1,0.4169549813668709,1,19,female,001,2018_Sep_16_2114,StroopExperiment_Full_version1,59.964430305523024,
yellow,yellow,congruent,k,,,,,1,0,1,0,0,6,6,15,,,,j,0,0.13379136446746998,1,19,female,001,2018_Sep_16_2114,StroopExperiment_Full_version1,59.964430305523024,
green,yellow,incongruent,k,,,,,1,0,1,0,0,7,7,11,,,,j,0,0.38580075721256435,1,19,female,001,2018_Sep_16_2114,StroopExperiment_Full_version1,59.964430305523024,
blue,red,incongruent,d,,,,,1,0,1,0,0,8,8,4,,,,j,0,0.3504112048249226,1,19,female,001,2018_Sep_16_2114,StroopExperiment_Full_version1,59.964430305523024,
green,red,incongruent,d,,,,,1,0,1,0,0,9,9,8,,,,j,0,0.3499973758298438,1,19,female,001,2018_Sep_16_2114,StroopExperiment_Full_version1,59.964430305523024,
yellow,red,incongruent,d,,,,,1,0,1,0,0,10,10,12,,,,j,0,0.11691008697380312,1,19,female,001,2018_Sep_16_2114,StroopExperiment_Full_version1,59.964430305523024,
blue,blue,congruent,f,,,,,1,0,1,0,0,11,11,5,,,,j,0,0.15087276004487649,1,19,female,001,2018_Sep_16_2114,StroopExperiment_Full_version1,59.964430305523024,
red,blue,incongruent,f,,,,,1,0,1,0,0,12,12,1,,,,j,0,0.16699094598880038,1,19,female,001,2018_Sep_16_2114,StroopExperiment_Full_version1,59.964430305523024,
green,green,congruent,j,,,,,1,0,1,0,0,13,13,10,,,,j,1,0.017194292333442718,1,19,female,001,2018_Sep_16_2114,StroopExperiment_Full_version1,59.964430305523024,
blue,yellow,incongruent,k,,,,,1,0,1,0,0,14,14,7,,,,j,0,0.01725659321527928,1,19,female,001,2018_Sep_16_2114,StroopExperiment_Full_version1,59.964430305523024,
green,blue,incongruent,f,,,,,1,0,1,0,0,15,15,9,,,,j,0,0.00012007082113996148,1,19,female,001,2018_Sep_16_2114,StroopExperiment_Full_version1,59.964430305523024,
yellow,yellow,congruent,k,,,,,1,0,1,0,1,0,16,15,,,,j,0,0.0010304190800525248,1,19,female,001,2018_Sep_16_2114,StroopExperiment_Full_version1,59.964430305523024,
yellow,green,incongruent,j,,,,,1,0,1,0,1,1,17,14,,,,j,1,0.13369885709835216,1,19,female,001,2018_Sep_16_2114,StroopExperiment_Full_version1,59.964430305523024,
red,green,incongruent,j,,,,,1,0,1,0,1,2,18,2,,,,j,1,0.06725853777606972,1,19,female,001,2018_Sep_16_2114,StroopExperiment_Full_version1,59.964430305523024,
green,blue,incongruent,f,,,,,1,0,1,0,1,3,19,9,,,,j,0,0.06735746402409859,1,19,female,001,2018_Sep_16_2114,StroopExperiment_Full_version1,59.964430305523024,
green,yellow,incongruent,k,,,,,1,0,1,0,1,4,20,11,,,,j,0,0.01735438677133061,1,19,female,001,2018_Sep_16_2114,StroopExperiment_Full_version1,59.964430305523024,
red,yellow,incongruent,k,,,,,1,0,1,0,1,5,21,3,,,,j,0,0.10034899829770438,1,19,female,001,2018_Sep_16_2114,StroopExperiment_Full_version1,59.964430305523024,
blue,green,incongruent,j,,,,,1,0,1,0,1,6,22,6,,,,j,1,0.03360208304366097,1,19,female,001,2018_Sep_16_2114,StroopExperiment_Full_version1,59.964430305523024,
blue,red,incongruent,d,,,,,1,0,1,0,1,7,23,4,,,,j,0,0.05013334279647097,1,19,female,001,2018_Sep_16_2114,StroopExperiment_Full_version1,59.964430305523024,
green,red,incongruent,d,,,,,1,0,1,0,1,8,24,8,,,,j,0,0.016939047462074086,1,19,female,001,2018_Sep_16_2114,StroopExperiment_Full_version1,59.964430305523024,
red,blue,incongruent,f,,,,,1,0,1,0,1,9,25,1,,,,j,0,0.46651704382384196,1,19,female,001,2018_Sep_16_2114,StroopExperiment_Full_version1,59.964430305523024,
yellow,blue,incongruent,f,,,,,1,0,1,0,1,10,26,13,,,,j,0,0.11590987441013567,1,19,female,001,2018_Sep_16_2114,StroopExperiment_Full_version1,59.964430305523024,
blue,yellow,incongruent,k,,,,,1,0,1,0,1,11,27,7,,,,j,0,0.0003435988910496235,1,19,female,001,2018_Sep_16_2114,StroopExperiment_Full_version1,59.964430305523024,
red,red,congruent,d,,,,,1,0,1,0,1,12,28,0,,,,j,0,0.01706213891156949,1,19,female,001,2018_Sep_16_2114,StroopExperiment_Full_version1,59.964430305523024,
yellow,red,incongruent,d,,,,,1,0,1,0,1,13,29,12,,,,j,0,0.30027710684225895,1,19,female,001,2018_Sep_16_2114,StroopExperiment_Full_version1,59.964430305523024,
green,green,congruent,j,,,,,1,0,1,0,1,14,30,10,,,,j,1,0.23361137154279277,1,19,female,001,2018_Sep_16_2114,StroopExperiment_Full_version1,59.964430305523024,
blue,blue,congruent,f,,,,,1,0,1,0,1,15,31,5,,,,j,0,0.15034565670066513,1,19,female,001,2018_Sep_16_2114,StroopExperiment_Full_version1,59.964430305523024,
blue,blue,congruent,f,,,,,1,0,1,0,2,0,32,5,,,,j,0,0.11693991586798802,1,19,female,001,2018_Sep_16_2114,StroopExperiment_Full_version1,59.964430305523024,
yellow,green,incongruent,j,,,,,1,0,1,0,2,1,33,14,,,,k,0,0.6170261931838468,1,19,female,001,2018_Sep_16_2114,StroopExperiment_Full_version1,59.964430305523024,
yellow,blue,incongruent,f,,,,,1,0,1,0,2,2,34,13,,,,j,0,0.06686660848208703,1,19,female,001,2018_Sep_16_2114,StroopExperiment_Full_version1,59.964430305523024,
green,yellow,incongruent,k,,,,,1,0,1,0,2,3,35,11,,,,j,0,0.05029381479835138,1,19,female,001,2018_Sep_16_2114,StroopExperiment_Full_version1,59.964430305523024,
red,green,incongruent,j,,,,,1,0,1,0,2,4,36,2,,,,f,0,2.1830328605137765,1,19,female,001,2018_Sep_16_2114,StroopExperiment_Full_version1,59.964430305523024,
yellow,yellow,congruent,k,,,,,1,0,1,0,2,5,37,15,,,,d,0,0.4837774128536694,1,19,female,001,2018_Sep_16_2114,StroopExperiment_Full_version1,59.964430305523024,
green,green,congruent,j,,,,,1,0,1,0,2,6,38,10,,,,f,0,0.1675233354617376,1,19,female,001,2018_Sep_16_2114,StroopExperiment_Full_version1,59.964430305523024,
red,blue,incongruent,f,,,,,1,0,1,0,2,7,39,1,,,,d,0,0.150341880886117,1,19,female,001,2018_Sep_16_2114,StroopExperiment_Full_version1,59.964430305523024,
blue,green,incongruent,j,,,,,1,0,1,0,2,8,40,6,,,,j,1,0.06741485637030564,1,19,female,001,2018_Sep_16_2114,StroopExperiment_Full_version1,59.964430305523024,
blue,yellow,incongruent,k,,,,,1,0,1,0,2,9,41,7,,,,d,0,0.10036749977734871,1,19,female,001,2018_Sep_16_2114,StroopExperiment_Full_version1,59.964430305523024,
red,yellow,incongruent,k,,,,,1,0,1,0,2,10,42,3,,,,f,0,0.05002573216916062,1,19,female,001,2018_Sep_16_2114,StroopExperiment_Full_version1,59.964430305523024,
yellow,red,incongruent,d,,,,,1,0,1,0,2,11,43,12,,,,k,0,0.11711096015642397,1,19,female,001,2018_Sep_16_2114,StroopExperiment_Full_version1,59.964430305523024,
red,red,congruent,d,,,,,1,0,1,0,2,12,44,0,,,,f,0,0.06709240202326328,1,19,female,001,2018_Sep_16_2114,StroopExperiment_Full_version1,59.964430305523024,
green,blue,incongruent,f,,,,,1,0,1,0,2,13,45,9,,,,j,0,0.46716686108266003,1,19,female,001,2018_Sep_16_2114,StroopExperiment_Full_version1,59.964430305523024,
green,red,incongruent,d,,,,,1,0,1,0,2,14,46,8,,,,j,0,0.25046093223500066,1,19,female,001,2018_Sep_16_2114,StroopExperiment_Full_version1,59.964430305523024,
blue,red,incongruent,d,,,,,1,0,1,0,2,15,47,4,,,,f,0,0.13392842645407654,1,19,female,001,2018_Sep_16_2114,StroopExperiment_Full_version1,59.964430305523024,
yellow,blue,incongruent,f,,,,,1,0,1,0,3,0,48,13,,,,d,0,0.033725929679349065,1,19,female,001,2018_Sep_16_2114,StroopExperiment_Full_version1,59.964430305523024,
green,yellow,incongruent,k,,,,,1,0,1,0,3,1,49,11,,,,f,0,0.48250798491062596,1,19,female,001,2018_Sep_16_2114,StroopExperiment_Full_version1,59.964430305523024,
blue,yellow,incongruent,k,,,,,1,0,1,0,3,2,50,7,,,,k,1,0.26721458733663894,1,19,female,001,2018_Sep_16_2114,StroopExperiment_Full_version1,59.964430305523024,
red,green,incongruent,j,,,,,1,0,1,0,3,3,51,2,,,,d,0,0.01723997964290902,1,19,female,001,2018_Sep_16_2114,StroopExperiment_Full_version1,59.964430305523024,
red,blue,incongruent,f,,,,,1,0,1,0,3,4,52,1,,,,j,0,0.30000675868359394,1,19,female,001,2018_Sep_16_2114,StroopExperiment_Full_version1,59.964430305523024,
green,green,congruent,j,,,,,1,0,1,0,3,5,53,10,,,,d,0,0.23341540689580142,1,19,female,001,2018_Sep_16_2114,StroopExperiment_Full_version1,59.964430305523024,
green,blue,incongruent,f,,,,,1,0,1,0,3,6,54,9,,,,f,1,0.1838091674435418,1,19,female,001,2018_Sep_16_2114,StroopExperiment_Full_version1,59.964430305523024,
red,red,congruent,d,,,,,1,0,1,0,3,7,55,0,,,,d,1,0.10025309267803095,1,19,female,001,2018_Sep_16_2114,StroopExperiment_Full_version1,59.964430305523024,
green,red,incongruent,d,,,,,1,0,1,0,3,8,56,8,,,,f,0,0.11699088933528401,1,19,female,001,2018_Sep_16_2114,StroopExperiment_Full_version1,59.964430305523024,
red,yellow,incongruent,k,,,,,1,0,1,0,3,9,57,3,,,,d,0,0.10014623717870563,1,19,female,001,2018_Sep_16_2114,StroopExperiment_Full_version1,59.964430305523024,
yellow,yellow,congruent,k,,,,,1,0,1,0,3,10,58,15,,,,j,0,0.38352280989056453,1,19,female,001,2018_Sep_16_2114,StroopExperiment_Full_version1,59.964430305523024,
blue,blue,congruent,f,,,,,1,0,1,0,3,11,59,5,,,,j,0,0.4168590757471975,1,19,female,001,2018_Sep_16_2114,StroopExperiment_Full_version1,59.964430305523024,
blue,red,incongruent,d,,,,,1,0,1,0,3,12,60,4,,,,j,0,0.20033061009598896,1,19,female,001,2018_Sep_16_2114,StroopExperiment_Full_version1,59.964430305523024,
blue,green,incongruent,j,,,,,1,0,1,0,3,13,61,6,,,,j,1,0.3670334616326727,1,19,female,001,2018_Sep_16_2114,StroopExperiment_Full_version1,59.964430305523024,
yellow,red,incongruent,d,,,,,1,0,1,0,3,14,62,12,,,,f,0,0.3667672668816522,1,19,female,001,2018_Sep_16_2114,StroopExperiment_Full_version1,59.964430305523024,
yellow,green,incongruent,j,,,,,1,0,1,0,3,15,63,14,,,,j,1,0.5000628672714811,1,19,female,001,2018_Sep_16_2114,StroopExperiment_Full_version1,59.964430305523024,
red,green,incongruent,j,,,,,1,0,1,0,4,0,64,2,,,,j,1,0.3005112071696203,1,19,female,001,2018_Sep_16_2114,StroopExperiment_Full_version1,59.964430305523024,
yellow,yellow,congruent,k,,,,,1,0,1,0,4,1,65,15,,,,j,0,0.4501353062223643,1,19,female,001,2018_Sep_16_2114,StroopExperiment_Full_version1,59.964430305523024,
green,blue,incongruent,f,,,,,1,0,1,0,4,2,66,9,,,,j,0,0.450307860824978,1,19,female,001,2018_Sep_16_2114,StroopExperiment_Full_version1,59.964430305523024,
blue,blue,congruent,f,,,,,1,0,1,0,4,3,67,5,,,,j,0,0.5670654049899895,1,19,female,001,2018_Sep_16_2114,StroopExperiment_Full_version1,59.964430305523024,
blue,yellow,incongruent,k,,,,,1,0,1,0,4,4,68,7,,,,j,0,0.5336068027827423,1,19,female,001,2018_Sep_16_2114,StroopExperiment_Full_version1,59.964430305523024,
red,red,congruent,d,,,,,1,0,1,0,4,5,69,0,,,,j,0,0.3171432811068371,1,19,female,001,2018_Sep_16_2114,StroopExperiment_Full_version1,59.964430305523024,
yellow,blue,incongruent,f,,,,,1,0,1,0,4,6,70,13,,,,j,0,0.23338520040852018,1,19,female,001,2018_Sep_16_2114,StroopExperiment_Full_version1,59.964430305523024,
red,yellow,incongruent,k,,,,,1,0,1,0,4,7,71,3,,,,j,0,0.4168987217708491,1,19,female,001,2018_Sep_16_2114,StroopExperiment_Full_version1,59.964430305523024,
red,blue,incongruent,f,,,,,1,0,1,0,4,8,72,1,,,,j,0,0.4503822443075478,1,19,female,001,2018_Sep_16_2114,StroopExperiment_Full_version1,59.964430305523024,
blue,red,incongruent,d,,,,,1,0,1,0,4,9,73,4,,,,j,0,0.5834078741609119,1,19,female,001,2018_Sep_16_2114,StroopExperiment_Full_version1,59.964430305523024,
green,green,congruent,j,,,,,1,0,1,0,4,10,74,10,,,,j,1,0.5833818210521713,1,19,female,001,2018_Sep_16_2114,StroopExperiment_Full_version1,59.964430305523024,
green,yellow,incongruent,k,,,,,1,0,1,0,4,11,75,11,,,,j,0,0.6172387714032084,1,19,female,001,2018_Sep_16_2114,StroopExperiment_Full_version1,59.964430305523024,
yellow,green,incongruent,j,,,,,1,0,1,0,4,12,76,14,,,,k,0,0.5671673518954776,1,19,female,001,2018_Sep_16_2114,StroopExperiment_Full_version1,59.964430305523024,
yellow,red,incongruent,d,,,,,1,0,1,0,4,13,77,12,,,,j,0,0.4834104039473459,1,19,female,001,2018_Sep_16_2114,StroopExperiment_Full_version1,59.964430305523024,
green,red,incongruent,d,,,,,1,0,1,0,4,14,78,8,,,,d,1,0.2835272275842726,1,19,female,001,2018_Sep_16_2114,StroopExperiment_Full_version1,59.964430305523024,
blue,green,incongruent,j,,,,,1,0,1,0,4,15,79,6,,,,f,0,0.36668419901980087,1,19,female,001,2018_Sep_16_2114,StroopExperiment_Full_version1,59.964430305523024,
