ColorWord,FontColor,Congruency,CorrectResponse,BreakText,PracticeLoop.thisRepN,PracticeLoop.thisTrialN,PracticeLoop.thisN,PracticeLoop.thisIndex,BlockLoop.thisRepN,BlockLoop.thisTrialN,BlockLoop.thisN,BlockLoop.thisIndex,TrialLoop.thisRepN,TrialLoop.thisTrialN,TrialLoop.thisN,TrialLoop.thisIndex,Resp_Prac.keys,Resp_Prac.corr,Resp_Prac.rt,Response.keys,Response.corr,Response.rt,participant,age,gender,session,date,expName,frameRate,
red,red,congruent,d,,0,0,0,0,,,,,,,,,j,0,0.9499387752148323,,,,2,19,female,001,2018_Sep_16_2125,StroopExperiment_Full_version2,60.071606788674046,
blue,blue,congruent,f,,0,1,1,5,,,,,,,,,j,0,0.2835294930555392,,,,2,19,female,001,2018_Sep_16_2125,StroopExperiment_Full_version2,60.071606788674046,
yellow,blue,incongruent,f,,0,2,2,13,,,,,,,,,j,0,0.3338051839673426,,,,2,19,female,001,2018_Sep_16_2125,StroopExperiment_Full_version2,60.071606788674046,
red,green,incongruent,j,,0,3,3,2,,,,,,,,,j,1,0.2673403218504973,,,,2,19,female,001,2018_Sep_16_2125,StroopExperiment_Full_version2,60.071606788674046,
yellow,yellow,congruent,k,,0,4,4,15,,,,,,,,,j,0,0.2835007968824357,,,,2,19,female,001,2018_Sep_16_2125,StroopExperiment_Full_version2,60.071606788674046,
red,blue,incongruent,f,,0,5,5,1,,,,,,,,,j,0,0.3172406970697921,,,,2,19,female,001,2018_Sep_16_2125,StroopExperiment_Full_version2,60.071606788674046,
red,yellow,incongruent,k,,0,6,6,3,,,,,,,,,j,0,0.2836929857148789,,,,2,19,female,001,2018_Sep_16_2125,StroopExperiment_Full_version2,60.071606788674046,
blue,green,incongruent,j,,0,7,7,6,,,,,,,,,j,1,0.33353143761632964,,,,2,19,female,001,2018_Sep_16_2125,StroopExperiment_Full_version2,60.071606788674046,
blue,red,incongruent,d,,0,8,8,4,,,,,,,,,j,0,0.3002918324782513,,,,2,19,female,001,2018_Sep_16_2125,StroopExperiment_Full_version2,60.071606788674046,
green,green,congruent,j,,0,9,9,10,,,,,,,,,k,0,0.20014030917081982,,,,2,19,female,001,2018_Sep_16_2125,StroopExperiment_Full_version2,60.071606788674046,
yellow,red,incongruent,d,,0,10,10,12,,,,,,,,,j,0,0.23332780806231312,,,,2,19,female,001,2018_Sep_16_2125,StroopExperiment_Full_version2,60.071606788674046,
green,red,incongruent,d,,0,11,11,8,,,,,,,,,f,0,0.3168831276707351,,,,2,19,female,001,2018_Sep_16_2125,StroopExperiment_Full_version2,60.071606788674046,
green,blue,incongruent,f,,0,12,12,9,,,,,,,,,d,0,0.20039291100692935,,,,2,19,female,001,2018_Sep_16_2125,StroopExperiment_Full_version2,60.071606788674046,
blue,yellow,incongruent,k,,0,13,13,7,,,,,,,,,f,0,0.20006668084533885,,,,2,19,female,001,2018_Sep_16_2125,StroopExperiment_Full_version2,60.071606788674046,
yellow,green,incongruent,j,,0,14,14,14,,,,,,,,,k,0,0.15026145608862862,,,,2,19,female,001,2018_Sep_16_2125,StroopExperiment_Full_version2,60.071606788674046,
green,yellow,incongruent,k,,0,15,15,11,,,,,,,,,f,0,0.2168966073077172,,,,2,19,female,001,2018_Sep_16_2125,StroopExperiment_Full_version2,60.071606788674046,
green,green,congruent,j,Take a short break.,,,,,0,0,0,0,0,0,0,10,,,,j,1,0.2837900240847375,2,19,female,001,2018_Sep_16_2125,StroopExperiment_Full_version2,60.071606788674046,
red,red,congruent,d,Take a short break.,,,,,0,0,0,0,0,1,1,0,,,,d,1,0.2660931711725425,2,19,female,001,2018_Sep_16_2125,StroopExperiment_Full_version2,60.071606788674046,
yellow,blue,incongruent,f,Take a short break.,,,,,0,0,0,0,0,2,2,13,,,,f,1,0.18365511432057247,2,19,female,001,2018_Sep_16_2125,StroopExperiment_Full_version2,60.071606788674046,
blue,red,incongruent,d,Take a short break.,,,,,0,0,0,0,0,3,3,4,,,,k,0,0.2172681472147815,2,19,female,001,2018_Sep_16_2125,StroopExperiment_Full_version2,60.071606788674046,
yellow,yellow,congruent,k,Take a short break.,,,,,0,0,0,0,0,4,4,15,,,,f,0,0.1337996712536551,2,19,female,001,2018_Sep_16_2125,StroopExperiment_Full_version2,60.071606788674046,
green,yellow,incongruent,k,Take a short break.,,,,,0,0,0,0,0,5,5,11,,,,k,1,0.0675617354863789,2,19,female,001,2018_Sep_16_2125,StroopExperiment_Full_version2,60.071606788674046,
green,red,incongruent,d,Take a short break.,,,,,0,0,0,0,0,6,6,8,,,,f,0,0.18322769241058268,2,19,female,001,2018_Sep_16_2125,StroopExperiment_Full_version2,60.071606788674046,
green,blue,incongruent,f,Take a short break.,,,,,0,0,0,0,0,7,7,9,,,,j,0,0.18353202284197323,2,19,female,001,2018_Sep_16_2125,StroopExperiment_Full_version2,60.071606788674046,
blue,blue,congruent,f,Take a short break.,,,,,0,0,0,0,0,8,8,5,,,,d,0,0.06683111586607993,2,19,female,001,2018_Sep_16_2125,StroopExperiment_Full_version2,60.071606788674046,
blue,green,incongruent,j,Take a short break.,,,,,0,0,0,0,0,9,9,6,,,,f,0,0.18348784584668465,2,19,female,001,2018_Sep_16_2125,StroopExperiment_Full_version2,60.071606788674046,
yellow,green,incongruent,j,Take a short break.,,,,,0,0,0,0,0,10,10,14,,,,j,1,0.1336358010303229,2,19,female,001,2018_Sep_16_2125,StroopExperiment_Full_version2,60.071606788674046,
red,green,incongruent,j,Take a short break.,,,,,0,0,0,0,0,11,11,2,,,,k,0,0.18388279576902278,2,19,female,001,2018_Sep_16_2125,StroopExperiment_Full_version2,60.071606788674046,
blue,yellow,incongruent,k,Take a short break.,,,,,0,0,0,0,0,12,12,7,,,,d,0,0.08398236392531544,2,19,female,001,2018_Sep_16_2125,StroopExperiment_Full_version2,60.071606788674046,
red,yellow,incongruent,k,Take a short break.,,,,,0,0,0,0,0,13,13,3,,,,f,0,0.16705437962082215,2,19,female,001,2018_Sep_16_2125,StroopExperiment_Full_version2,60.071606788674046,
yellow,red,incongruent,d,Take a short break.,,,,,0,0,0,0,0,14,14,12,,,,j,0,0.10019683305290528,2,19,female,001,2018_Sep_16_2125,StroopExperiment_Full_version2,60.071606788674046,
red,blue,incongruent,f,Take a short break.,,,,,0,0,0,0,0,15,15,1,,,,k,0,0.08405523709370755,2,19,female,001,2018_Sep_16_2125,StroopExperiment_Full_version2,60.071606788674046,
red,blue,incongruent,f,Take a short break.,,,,,0,0,0,0,1,0,16,1,,,,d,0,0.06685943444608711,2,19,female,001,2018_Sep_16_2125,StroopExperiment_Full_version2,60.071606788674046,
green,red,incongruent,d,Take a short break.,,,,,0,0,0,0,1,1,17,8,,,,f,0,0.13360181872849353,2,19,female,001,2018_Sep_16_2125,StroopExperiment_Full_version2,60.071606788674046,
yellow,yellow,congruent,k,Take a short break.,,,,,0,0,0,0,1,2,18,15,,,,j,0,0.050403313332935795,2,19,female,001,2018_Sep_16_2125,StroopExperiment_Full_version2,60.071606788674046,
blue,yellow,incongruent,k,Take a short break.,,,,,0,0,0,0,1,3,19,7,,,,k,1,0.18363699040492065,2,19,female,001,2018_Sep_16_2125,StroopExperiment_Full_version2,60.071606788674046,
yellow,red,incongruent,d,Take a short break.,,,,,0,0,0,0,1,4,20,12,,,,d,1,0.11699844096438028,2,19,female,001,2018_Sep_16_2125,StroopExperiment_Full_version2,60.071606788674046,
blue,blue,congruent,f,Take a short break.,,,,,0,0,0,0,1,5,21,5,,,,f,1,0.1504268366843462,2,19,female,001,2018_Sep_16_2125,StroopExperiment_Full_version2,60.071606788674046,
yellow,green,incongruent,j,Take a short break.,,,,,0,0,0,0,1,6,22,14,,,,j,1,0.10061896883416921,2,19,female,001,2018_Sep_16_2125,StroopExperiment_Full_version2,60.071606788674046,
green,green,congruent,j,Take a short break.,,,,,0,0,0,0,1,7,23,10,,,,k,0,0.13364146478124894,2,19,female,001,2018_Sep_16_2125,StroopExperiment_Full_version2,60.071606788674046,
blue,green,incongruent,j,Take a short break.,,,,,0,0,0,0,1,8,24,6,,,,d,0,0.1169814498280175,2,19,female,001,2018_Sep_16_2125,StroopExperiment_Full_version2,60.071606788674046,
red,yellow,incongruent,k,Take a short break.,,,,,0,0,0,0,1,9,25,3,,,,f,0,0.10042829034500755,2,19,female,001,2018_Sep_16_2125,StroopExperiment_Full_version2,60.071606788674046,
green,blue,incongruent,f,Take a short break.,,,,,0,0,0,0,1,10,26,9,,,,j,0,0.18409952736692503,2,19,female,001,2018_Sep_16_2125,StroopExperiment_Full_version2,60.071606788674046,
green,yellow,incongruent,k,Take a short break.,,,,,0,0,0,0,1,11,27,11,,,,k,1,0.18363283702638,2,19,female,001,2018_Sep_16_2125,StroopExperiment_Full_version2,60.071606788674046,
red,green,incongruent,j,Take a short break.,,,,,0,0,0,0,1,12,28,2,,,,d,0,0.28332182340091094,2,19,female,001,2018_Sep_16_2125,StroopExperiment_Full_version2,60.071606788674046,
red,red,congruent,d,Take a short break.,,,,,0,0,0,0,1,13,29,0,,,,f,0,0.16660996657446958,2,19,female,001,2018_Sep_16_2125,StroopExperiment_Full_version2,60.071606788674046,
blue,red,incongruent,d,Take a short break.,,,,,0,0,0,0,1,14,30,4,,,,j,0,0.13398053267155774,2,19,female,001,2018_Sep_16_2125,StroopExperiment_Full_version2,60.071606788674046,
yellow,blue,incongruent,f,Take a short break.,,,,,0,0,0,0,1,15,31,13,,,,k,0,0.1669833943597041,2,19,female,001,2018_Sep_16_2125,StroopExperiment_Full_version2,60.071606788674046,
red,green,incongruent,j,Take a short break.,,,,,0,0,0,0,2,0,32,2,,,,d,0,0.06699649643269368,2,19,female,001,2018_Sep_16_2125,StroopExperiment_Full_version2,60.071606788674046,
red,blue,incongruent,f,Take a short break.,,,,,0,0,0,0,2,1,33,1,,,,f,1,0.18349086650414392,2,19,female,001,2018_Sep_16_2125,StroopExperiment_Full_version2,60.071606788674046,
blue,yellow,incongruent,k,Take a short break.,,,,,0,0,0,0,2,2,34,7,,,,j,0,0.16683953593019396,2,19,female,001,2018_Sep_16_2125,StroopExperiment_Full_version2,60.071606788674046,
green,blue,incongruent,f,Take a short break.,,,,,0,0,0,0,2,3,35,9,,,,k,0,0.21677880198694766,2,19,female,001,2018_Sep_16_2125,StroopExperiment_Full_version2,60.071606788674046,
blue,blue,congruent,f,Take a short break.,,,,,0,0,0,0,2,4,36,5,,,,d,0,0.08360176210408099,2,19,female,001,2018_Sep_16_2125,StroopExperiment_Full_version2,60.071606788674046,
green,yellow,incongruent,k,Take a short break.,,,,,0,0,0,0,2,5,37,11,,,,f,0,0.10033842604025267,2,19,female,001,2018_Sep_16_2125,StroopExperiment_Full_version2,60.071606788674046,
blue,green,incongruent,j,Take a short break.,,,,,0,0,0,0,2,6,38,6,,,,j,1,0.11684363268432207,2,19,female,001,2018_Sep_16_2125,StroopExperiment_Full_version2,60.071606788674046,
red,yellow,incongruent,k,Take a short break.,,,,,0,0,0,0,2,7,39,3,,,,k,1,0.11709849999169819,2,19,female,001,2018_Sep_16_2125,StroopExperiment_Full_version2,60.071606788674046,
green,red,incongruent,d,Take a short break.,,,,,0,0,0,0,2,8,40,8,,,,d,1,0.133377535501495,2,19,female,001,2018_Sep_16_2125,StroopExperiment_Full_version2,60.071606788674046,
yellow,green,incongruent,j,Take a short break.,,,,,0,0,0,0,2,9,41,14,,,,f,0,0.1336252287728712,2,19,female,001,2018_Sep_16_2125,StroopExperiment_Full_version2,60.071606788674046,
green,green,congruent,j,Take a short break.,,,,,0,0,0,0,2,10,42,10,,,,j,1,0.18355618804343976,2,19,female,001,2018_Sep_16_2125,StroopExperiment_Full_version2,60.071606788674046,
blue,red,incongruent,d,Take a short break.,,,,,0,0,0,0,2,11,43,4,,,,k,0,0.1169803170778323,2,19,female,001,2018_Sep_16_2125,StroopExperiment_Full_version2,60.071606788674046,
red,red,congruent,d,Take a short break.,,,,,0,0,0,0,2,12,44,0,,,,d,1,0.050367443123832345,2,19,female,001,2018_Sep_16_2125,StroopExperiment_Full_version2,60.071606788674046,
yellow,red,incongruent,d,Take a short break.,,,,,0,0,0,0,2,13,45,12,,,,f,0,0.1837453562184237,2,19,female,001,2018_Sep_16_2125,StroopExperiment_Full_version2,60.071606788674046,
yellow,blue,incongruent,f,Take a short break.,,,,,0,0,0,0,2,14,46,13,,,,j,0,0.20038460422074422,2,19,female,001,2018_Sep_16_2125,StroopExperiment_Full_version2,60.071606788674046,
yellow,yellow,congruent,k,Take a short break.,,,,,0,0,0,0,2,15,47,15,,,,k,1,0.13398770670755766,2,19,female,001,2018_Sep_16_2125,StroopExperiment_Full_version2,60.071606788674046,
green,yellow,incongruent,k,Take a short break.,,,,,0,0,0,0,3,0,48,11,,,,d,0,0.1667353235243354,2,19,female,001,2018_Sep_16_2125,StroopExperiment_Full_version2,60.071606788674046,
green,blue,incongruent,f,Take a short break.,,,,,0,0,0,0,3,1,49,9,,,,f,1,0.10078510458697565,2,19,female,001,2018_Sep_16_2125,StroopExperiment_Full_version2,60.071606788674046,
green,green,congruent,j,Take a short break.,,,,,0,0,0,0,3,2,50,10,,,,j,1,0.03335061398684047,2,19,female,001,2018_Sep_16_2125,StroopExperiment_Full_version2,60.071606788674046,
red,green,incongruent,j,Take a short break.,,,,,0,0,0,0,3,3,51,2,,,,k,0,0.06707314541563392,2,19,female,001,2018_Sep_16_2125,StroopExperiment_Full_version2,60.071606788674046,
blue,red,incongruent,d,Take a short break.,,,,,0,0,0,0,3,4,52,4,,,,d,1,0.050969307543709874,2,19,female,001,2018_Sep_16_2125,StroopExperiment_Full_version2,60.071606788674046,
yellow,yellow,congruent,k,Take a short break.,,,,,0,0,0,0,3,5,53,15,,,,f,0,0.06733782982337289,2,19,female,001,2018_Sep_16_2125,StroopExperiment_Full_version2,60.071606788674046,
red,red,congruent,d,Take a short break.,,,,,0,0,0,0,3,6,54,0,,,,j,0,0.13376719929510728,2,19,female,001,2018_Sep_16_2125,StroopExperiment_Full_version2,60.071606788674046,
yellow,red,incongruent,d,Take a short break.,,,,,0,0,0,0,3,7,55,12,,,,k,0,0.08372825180413201,2,19,female,001,2018_Sep_16_2125,StroopExperiment_Full_version2,60.071606788674046,
yellow,blue,incongruent,f,Take a short break.,,,,,0,0,0,0,3,8,56,13,,,,d,0,0.10099315180559643,2,19,female,001,2018_Sep_16_2125,StroopExperiment_Full_version2,60.071606788674046,
blue,yellow,incongruent,k,Take a short break.,,,,,0,0,0,0,3,9,57,7,,,,f,0,0.1338672583224252,2,19,female,001,2018_Sep_16_2125,StroopExperiment_Full_version2,60.071606788674046,
red,blue,incongruent,f,Take a short break.,,,,,0,0,0,0,3,10,58,1,,,,j,0,0.11638449394376948,2,19,female,001,2018_Sep_16_2125,StroopExperiment_Full_version2,60.071606788674046,
red,yellow,incongruent,k,Take a short break.,,,,,0,0,0,0,3,11,59,3,,,,k,1,0.13355046769720502,2,19,female,001,2018_Sep_16_2125,StroopExperiment_Full_version2,60.071606788674046,
yellow,green,incongruent,j,Take a short break.,,,,,0,0,0,0,3,12,60,14,,,,d,0,0.15021954456460662,2,19,female,001,2018_Sep_16_2125,StroopExperiment_Full_version2,60.071606788674046,
blue,blue,congruent,f,Take a short break.,,,,,0,0,0,0,3,13,61,5,,,,f,1,0.20021355993230827,2,19,female,001,2018_Sep_16_2125,StroopExperiment_Full_version2,60.071606788674046,
green,red,incongruent,d,Take a short break.,,,,,0,0,0,0,3,14,62,8,,,,j,0,0.21693700851756148,2,19,female,001,2018_Sep_16_2125,StroopExperiment_Full_version2,60.071606788674046,
blue,green,incongruent,j,Take a short break.,,,,,0,0,0,0,3,15,63,6,,,,k,0,0.21710087874089368,2,19,female,001,2018_Sep_16_2125,StroopExperiment_Full_version2,60.071606788674046,
blue,red,incongruent,d,Take a short break.,,,,,0,0,0,0,4,0,64,4,,,,d,1,0.08357986237388104,2,19,female,001,2018_Sep_16_2125,StroopExperiment_Full_version2,60.071606788674046,
blue,blue,congruent,f,Take a short break.,,,,,0,0,0,0,4,1,65,5,,,,f,1,0.08350812195567414,2,19,female,001,2018_Sep_16_2125,StroopExperiment_Full_version2,60.071606788674046,
yellow,red,incongruent,d,Take a short break.,,,,,0,0,0,0,4,2,66,12,,,,j,0,0.10061443789163604,2,19,female,001,2018_Sep_16_2125,StroopExperiment_Full_version2,60.071606788674046,
blue,yellow,incongruent,k,Take a short break.,,,,,0,0,0,0,4,3,67,7,,,,k,1,0.20028945375815965,2,19,female,001,2018_Sep_16_2125,StroopExperiment_Full_version2,60.071606788674046,
yellow,yellow,congruent,k,Take a short break.,,,,,0,0,0,0,4,4,68,15,,,,d,0,0.05002157876151614,2,19,female,001,2018_Sep_16_2125,StroopExperiment_Full_version2,60.071606788674046,
red,yellow,incongruent,k,Take a short break.,,,,,0,0,0,0,4,5,69,3,,,,f,0,0.15030525551992469,2,19,female,001,2018_Sep_16_2125,StroopExperiment_Full_version2,60.071606788674046,
yellow,blue,incongruent,f,Take a short break.,,,,,0,0,0,0,4,6,70,13,,,,j,0,0.2669846403587144,2,19,female,001,2018_Sep_16_2125,StroopExperiment_Full_version2,60.071606788674046,
green,blue,incongruent,f,Take a short break.,,,,,0,0,0,0,4,7,71,9,,,,k,0,0.25037635405897163,2,19,female,001,2018_Sep_16_2125,StroopExperiment_Full_version2,60.071606788674046,
red,blue,incongruent,f,Take a short break.,,,,,0,0,0,0,4,8,72,1,,,,d,0,0.9500392118061427,2,19,female,001,2018_Sep_16_2125,StroopExperiment_Full_version2,60.071606788674046,
green,green,congruent,j,Take a short break.,,,,,0,0,0,0,4,9,73,10,,,,f,0,0.2669846403878182,2,19,female,001,2018_Sep_16_2125,StroopExperiment_Full_version2,60.071606788674046,
red,green,incongruent,j,Take a short break.,,,,,0,0,0,0,4,10,74,2,,,,j,1,0.35033568856306374,2,19,female,001,2018_Sep_16_2125,StroopExperiment_Full_version2,60.071606788674046,
red,red,congruent,d,Take a short break.,,,,,0,0,0,0,4,11,75,0,,,,k,0,0.3338610659702681,2,19,female,001,2018_Sep_16_2125,StroopExperiment_Full_version2,60.071606788674046,
yellow,green,incongruent,j,Take a short break.,,,,,0,0,0,0,4,12,76,14,,,,d,0,0.4335141821356956,2,19,female,001,2018_Sep_16_2125,StroopExperiment_Full_version2,60.071606788674046,
green,red,incongruent,d,Take a short break.,,,,,0,0,0,0,4,13,77,8,,,,f,0,0.35019787144847214,2,19,female,001,2018_Sep_16_2125,StroopExperiment_Full_version2,60.071606788674046,
blue,green,incongruent,j,Take a short break.,,,,,0,0,0,0,4,14,78,6,,,,j,1,0.33407062353217043,2,19,female,001,2018_Sep_16_2125,StroopExperiment_Full_version2,60.071606788674046,
green,yellow,incongruent,k,Take a short break.,,,,,0,0,0,0,4,15,79,11,,,,k,1,0.35020126966992393,2,19,female,001,2018_Sep_16_2125,StroopExperiment_Full_version2,60.071606788674046,
,,,,Take a short break.,,,,,0,0,0,0,,,,,,,,,,,2,19,female,001,2018_Sep_16_2125,StroopExperiment_Full_version2,60.071606788674046,
red,green,incongruent,j,This was the last trial.,,,,,0,1,1,1,0,0,0,2,,,,j,1,0.3844327805272769,2,19,female,001,2018_Sep_16_2125,StroopExperiment_Full_version2,60.071606788674046,
red,red,congruent,d,This was the last trial.,,,,,0,1,1,1,0,1,1,0,,,,d,1,0.21761099091963843,2,19,female,001,2018_Sep_16_2125,StroopExperiment_Full_version2,60.071606788674046,
yellow,yellow,congruent,k,This was the last trial.,,,,,0,1,1,1,0,2,2,15,,,,f,0,0.10024365314166062,2,19,female,001,2018_Sep_16_2125,StroopExperiment_Full_version2,60.071606788674046,
yellow,green,incongruent,j,This was the last trial.,,,,,0,1,1,1,0,3,3,14,,,,k,0,0.0669421247439459,2,19,female,001,2018_Sep_16_2125,StroopExperiment_Full_version2,60.071606788674046,
green,green,congruent,j,This was the last trial.,,,,,0,1,1,1,0,4,4,10,,,,d,0,0.10082059720298275,2,19,female,001,2018_Sep_16_2125,StroopExperiment_Full_version2,60.071606788674046,
blue,green,incongruent,j,This was the last trial.,,,,,0,1,1,1,0,5,5,6,,,,f,0,0.05043276469223201,2,19,female,001,2018_Sep_16_2125,StroopExperiment_Full_version2,60.071606788674046,
blue,yellow,incongruent,k,This was the last trial.,,,,,0,1,1,1,0,6,6,7,,,,j,0,0.00032736288267187774,2,19,female,001,2018_Sep_16_2125,StroopExperiment_Full_version2,60.071606788674046,
red,blue,incongruent,f,This was the last trial.,,,,,0,1,1,1,0,7,7,1,,,,k,0,0.06709919849527068,2,19,female,001,2018_Sep_16_2125,StroopExperiment_Full_version2,60.071606788674046,
green,yellow,incongruent,k,This was the last trial.,,,,,0,1,1,1,0,8,8,11,,,,f,0,0.0341994164919015,2,19,female,001,2018_Sep_16_2125,StroopExperiment_Full_version2,60.071606788674046,
green,red,incongruent,d,This was the last trial.,,,,,0,1,1,1,0,9,9,8,,,,d,1,0.03365456682513468,2,19,female,001,2018_Sep_16_2125,StroopExperiment_Full_version2,60.071606788674046,
yellow,red,incongruent,d,This was the last trial.,,,,,0,1,1,1,0,10,10,12,,,,f,0,0.017250551929464564,2,19,female,001,2018_Sep_16_2125,StroopExperiment_Full_version2,60.071606788674046,
blue,red,incongruent,d,This was the last trial.,,,,,0,1,1,1,0,11,11,4,,,,k,0,0.00033680241904221475,2,19,female,001,2018_Sep_16_2125,StroopExperiment_Full_version2,60.071606788674046,
red,yellow,incongruent,k,This was the last trial.,,,,,0,1,1,1,0,12,12,3,,,,d,0,0.48399640995194204,2,19,female,001,2018_Sep_16_2125,StroopExperiment_Full_version2,60.071606788674046,
green,blue,incongruent,f,This was the last trial.,,,,,0,1,1,1,0,13,13,9,,,,f,1,0.4503082384180743,2,19,female,001,2018_Sep_16_2125,StroopExperiment_Full_version2,60.071606788674046,
yellow,blue,incongruent,f,This was the last trial.,,,,,0,1,1,1,0,14,14,13,,,,j,0,0.13331447943346575,2,19,female,001,2018_Sep_16_2125,StroopExperiment_Full_version2,60.071606788674046,
blue,blue,congruent,f,This was the last trial.,,,,,0,1,1,1,0,15,15,5,,,,k,0,0.03382410077028908,2,19,female,001,2018_Sep_16_2125,StroopExperiment_Full_version2,60.071606788674046,
red,yellow,incongruent,k,This was the last trial.,,,,,0,1,1,1,1,0,16,3,,,,d,0,0.0003375576052349061,2,19,female,001,2018_Sep_16_2125,StroopExperiment_Full_version2,60.071606788674046,
blue,green,incongruent,j,This was the last trial.,,,,,0,1,1,1,1,1,17,6,,,,f,0,0.017135012079961598,2,19,female,001,2018_Sep_16_2125,StroopExperiment_Full_version2,60.071606788674046,
blue,blue,congruent,f,This was the last trial.,,,,,0,1,1,1,1,2,18,5,,,,j,0,0.08379357334342785,2,19,female,001,2018_Sep_16_2125,StroopExperiment_Full_version2,60.071606788674046,
blue,red,incongruent,d,This was the last trial.,,,,,0,1,1,1,1,3,19,4,,,,k,0,0.09994725190335885,2,19,female,001,2018_Sep_16_2125,StroopExperiment_Full_version2,60.071606788674046,
green,yellow,incongruent,k,This was the last trial.,,,,,0,1,1,1,1,4,20,11,,,,d,0,0.0004621593689080328,2,19,female,001,2018_Sep_16_2125,StroopExperiment_Full_version2,60.071606788674046,
red,blue,incongruent,f,This was the last trial.,,,,,0,1,1,1,1,5,21,1,,,,j,0,0.4334311142738443,2,19,female,001,2018_Sep_16_2125,StroopExperiment_Full_version2,60.071606788674046,
green,blue,incongruent,f,This was the last trial.,,,,,0,1,1,1,1,6,22,9,,,,k,0,0.13520767152658664,2,19,female,001,2018_Sep_16_2125,StroopExperiment_Full_version2,60.071606788674046,
yellow,blue,incongruent,f,This was the last trial.,,,,,0,1,1,1,1,7,23,13,,,,d,0,0.06709240202326328,2,19,female,001,2018_Sep_16_2125,StroopExperiment_Full_version2,60.071606788674046,
yellow,red,incongruent,d,This was the last trial.,,,,,0,1,1,1,1,8,24,12,,,,f,0,0.10022062069037929,2,19,female,001,2018_Sep_16_2125,StroopExperiment_Full_version2,60.071606788674046,
red,red,congruent,d,This was the last trial.,,,,,0,1,1,1,1,9,25,0,,,,j,0,0.11704941440257244,2,19,female,001,2018_Sep_16_2125,StroopExperiment_Full_version2,60.071606788674046,
red,green,incongruent,j,This was the last trial.,,,,,0,1,1,1,1,10,26,2,,,,k,0,0.16729565398418345,2,19,female,001,2018_Sep_16_2125,StroopExperiment_Full_version2,60.071606788674046,
yellow,yellow,congruent,k,This was the last trial.,,,,,0,1,1,1,1,11,27,15,,,,f,0,0.5167795194138307,2,19,female,001,2018_Sep_16_2125,StroopExperiment_Full_version2,60.071606788674046,
green,green,congruent,j,This was the last trial.,,,,,0,1,1,1,1,12,28,10,,,,j,1,0.4502821852802299,2,19,female,001,2018_Sep_16_2125,StroopExperiment_Full_version2,60.071606788674046,
green,red,incongruent,d,This was the last trial.,,,,,0,1,1,1,1,13,29,8,,,,d,1,0.06704218374215998,2,19,female,001,2018_Sep_16_2125,StroopExperiment_Full_version2,60.071606788674046,
yellow,green,incongruent,j,This was the last trial.,,,,,0,1,1,1,1,14,30,14,,,,f,0,0.0002994218666572124,2,19,female,001,2018_Sep_16_2125,StroopExperiment_Full_version2,60.071606788674046,
blue,yellow,incongruent,k,This was the last trial.,,,,,0,1,1,1,1,15,31,7,,,,d,0,0.41673938249005005,2,19,female,001,2018_Sep_16_2125,StroopExperiment_Full_version2,60.071606788674046,
red,red,congruent,d,This was the last trial.,,,,,0,1,1,1,2,0,32,0,,,,j,0,0.25036880242987536,2,19,female,001,2018_Sep_16_2125,StroopExperiment_Full_version2,60.071606788674046,
blue,blue,congruent,f,This was the last trial.,,,,,0,1,1,1,2,1,33,5,,,,f,1,0.38325699273264036,2,19,female,001,2018_Sep_16_2125,StroopExperiment_Full_version2,60.071606788674046,
yellow,green,incongruent,j,This was the last trial.,,,,,0,1,1,1,2,2,34,14,,,,k,0,0.5334912629623432,2,19,female,001,2018_Sep_16_2125,StroopExperiment_Full_version2,60.071606788674046,
red,yellow,incongruent,k,This was the last trial.,,,,,0,1,1,1,2,3,35,3,,,,f,0,0.283630307239946,2,19,female,001,2018_Sep_16_2125,StroopExperiment_Full_version2,60.071606788674046,
red,blue,incongruent,f,This was the last trial.,,,,,0,1,1,1,2,4,36,1,,,,d,0,0.25021852512145415,2,19,female,001,2018_Sep_16_2125,StroopExperiment_Full_version2,60.071606788674046,
yellow,blue,incongruent,f,This was the last trial.,,,,,0,1,1,1,2,5,37,13,,,,d,0,0.30017025137203746,2,19,female,001,2018_Sep_16_2125,StroopExperiment_Full_version2,60.071606788674046,
blue,green,incongruent,j,This was the last trial.,,,,,0,1,1,1,2,6,38,6,,,,d,0,0.23372049248428084,2,19,female,001,2018_Sep_16_2125,StroopExperiment_Full_version2,60.071606788674046,
yellow,red,incongruent,d,This was the last trial.,,,,,0,1,1,1,2,7,39,12,,,,f,0,0.03394152855616994,2,19,female,001,2018_Sep_16_2125,StroopExperiment_Full_version2,60.071606788674046,
blue,red,incongruent,d,This was the last trial.,,,,,0,1,1,1,2,8,40,4,,,,j,0,0.23438428025110625,2,19,female,001,2018_Sep_16_2125,StroopExperiment_Full_version2,60.071606788674046,
red,green,incongruent,j,This was the last trial.,,,,,0,1,1,1,2,9,41,2,,,,k,0,0.1340598247188609,2,19,female,001,2018_Sep_16_2125,StroopExperiment_Full_version2,60.071606788674046,
green,yellow,incongruent,k,This was the last trial.,,,,,0,1,1,1,2,10,42,11,,,,d,0,0.1002946266089566,2,19,female,001,2018_Sep_16_2125,StroopExperiment_Full_version2,60.071606788674046,
green,blue,incongruent,f,This was the last trial.,,,,,0,1,1,1,2,11,43,9,,,,f,1,0.08376449960633181,2,19,female,001,2018_Sep_16_2125,StroopExperiment_Full_version2,60.071606788674046,
yellow,yellow,congruent,k,This was the last trial.,,,,,0,1,1,1,2,12,44,15,,,,j,0,0.21695362208993174,2,19,female,001,2018_Sep_16_2125,StroopExperiment_Full_version2,60.071606788674046,
blue,yellow,incongruent,k,This was the last trial.,,,,,0,1,1,1,2,13,45,7,,,,k,1,0.16718615547870286,2,19,female,001,2018_Sep_16_2125,StroopExperiment_Full_version2,60.071606788674046,
green,red,incongruent,d,This was the last trial.,,,,,0,1,1,1,2,14,46,8,,,,f,0,0.03344727473449893,2,19,female,001,2018_Sep_16_2125,StroopExperiment_Full_version2,60.071606788674046,
green,green,congruent,j,This was the last trial.,,,,,0,1,1,1,2,15,47,10,,,,d,0,0.1336969691910781,2,19,female,001,2018_Sep_16_2125,StroopExperiment_Full_version2,60.071606788674046,
yellow,yellow,congruent,k,This was the last trial.,,,,,0,1,1,1,3,0,48,15,,,,f,0,0.0336047261080239,2,19,female,001,2018_Sep_16_2125,StroopExperiment_Full_version2,60.071606788674046,
yellow,blue,incongruent,f,This was the last trial.,,,,,0,1,1,1,3,1,49,13,,,,j,0,0.06677447867696173,2,19,female,001,2018_Sep_16_2125,StroopExperiment_Full_version2,60.071606788674046,
green,green,congruent,j,This was the last trial.,,,,,0,1,1,1,3,2,50,10,,,,k,0,0.18355505529325455,2,19,female,001,2018_Sep_16_2125,StroopExperiment_Full_version2,60.071606788674046,
red,green,incongruent,j,This was the last trial.,,,,,0,1,1,1,3,3,51,2,,,,d,0,0.11696898963418789,2,19,female,001,2018_Sep_16_2125,StroopExperiment_Full_version2,60.071606788674046,
blue,green,incongruent,j,This was the last trial.,,,,,0,1,1,1,3,4,52,6,,,,f,0,0.050350829551462084,2,19,female,001,2018_Sep_16_2125,StroopExperiment_Full_version2,60.071606788674046,
green,red,incongruent,d,This was the last trial.,,,,,0,1,1,1,3,5,53,8,,,,j,0,0.3169930037984159,2,19,female,001,2018_Sep_16_2125,StroopExperiment_Full_version2,60.071606788674046,
green,yellow,incongruent,k,This was the last trial.,,,,,0,1,1,1,3,6,54,11,,,,k,1,0.10016851450200193,2,19,female,001,2018_Sep_16_2125,StroopExperiment_Full_version2,60.071606788674046,
red,red,congruent,d,This was the last trial.,,,,,0,1,1,1,3,7,55,0,,,,d,1,0.01707648698356934,2,19,female,001,2018_Sep_16_2125,StroopExperiment_Full_version2,60.071606788674046,
red,blue,incongruent,f,This was the last trial.,,,,,0,1,1,1,3,8,56,1,,,,f,1,0.0176047230779659,2,19,female,001,2018_Sep_16_2125,StroopExperiment_Full_version2,60.071606788674046,
blue,yellow,incongruent,k,This was the last trial.,,,,,0,1,1,1,3,9,57,7,,,,j,0,0.05065667032613419,2,19,female,001,2018_Sep_16_2125,StroopExperiment_Full_version2,60.071606788674046,
yellow,red,incongruent,d,This was the last trial.,,,,,0,1,1,1,3,10,58,12,,,,k,0,0.13364977153833024,2,19,female,001,2018_Sep_16_2125,StroopExperiment_Full_version2,60.071606788674046,
yellow,green,incongruent,j,This was the last trial.,,,,,0,1,1,1,3,11,59,14,,,,d,0,0.4335961172764655,2,19,female,001,2018_Sep_16_2125,StroopExperiment_Full_version2,60.071606788674046,
blue,blue,congruent,f,This was the last trial.,,,,,0,1,1,1,3,12,60,5,,,,f,1,0.35022883309284225,2,19,female,001,2018_Sep_16_2125,StroopExperiment_Full_version2,60.071606788674046,
red,yellow,incongruent,k,This was the last trial.,,,,,0,1,1,1,3,13,61,3,,,,j,0,0.3835246977978386,2,19,female,001,2018_Sep_16_2125,StroopExperiment_Full_version2,60.071606788674046,
blue,red,incongruent,d,This was the last trial.,,,,,0,1,1,1,3,14,62,4,,,,k,0,0.017088569584302604,2,19,female,001,2018_Sep_16_2125,StroopExperiment_Full_version2,60.071606788674046,
green,blue,incongruent,f,This was the last trial.,,,,,0,1,1,1,3,15,63,9,,,,j,0,0.10048039653338492,2,19,female,001,2018_Sep_16_2125,StroopExperiment_Full_version2,60.071606788674046,
blue,red,incongruent,d,This was the last trial.,,,,,0,1,1,1,4,0,64,4,,,,j,0,0.4168432173319161,2,19,female,001,2018_Sep_16_2125,StroopExperiment_Full_version2,60.071606788674046,
red,green,incongruent,j,This was the last trial.,,,,,0,1,1,1,4,1,65,2,,,,k,0,0.2836204901395831,2,19,female,001,2018_Sep_16_2125,StroopExperiment_Full_version2,60.071606788674046,
green,red,incongruent,d,This was the last trial.,,,,,0,1,1,1,4,2,66,8,,,,j,0,0.01713652239413932,2,19,female,001,2018_Sep_16_2125,StroopExperiment_Full_version2,60.071606788674046,
green,green,congruent,j,This was the last trial.,,,,,0,1,1,1,4,3,67,10,,,,k,0,0.36688431704533286,2,19,female,001,2018_Sep_16_2125,StroopExperiment_Full_version2,60.071606788674046,
yellow,red,incongruent,d,This was the last trial.,,,,,0,1,1,1,4,4,68,12,,,,d,1,0.4334197868301999,2,19,female,001,2018_Sep_16_2125,StroopExperiment_Full_version2,60.071606788674046,
yellow,yellow,congruent,k,This was the last trial.,,,,,0,1,1,1,4,5,69,15,,,,f,0,0.3668072904984001,2,19,female,001,2018_Sep_16_2125,StroopExperiment_Full_version2,60.071606788674046,
red,blue,incongruent,f,This was the last trial.,,,,,0,1,1,1,4,6,70,1,,,,d,0,0.4173767395550385,2,19,female,001,2018_Sep_16_2125,StroopExperiment_Full_version2,60.071606788674046,
green,blue,incongruent,f,This was the last trial.,,,,,0,1,1,1,4,7,71,9,,,,f,1,0.23380771375377662,2,19,female,001,2018_Sep_16_2125,StroopExperiment_Full_version2,60.071606788674046,
green,yellow,incongruent,k,This was the last trial.,,,,,0,1,1,1,4,8,72,11,,,,j,0,0.21703215898014605,2,19,female,001,2018_Sep_16_2125,StroopExperiment_Full_version2,60.071606788674046,
blue,yellow,incongruent,k,This was the last trial.,,,,,0,1,1,1,4,9,73,7,,,,k,1,0.21690038312226534,2,19,female,001,2018_Sep_16_2125,StroopExperiment_Full_version2,60.071606788674046,
yellow,blue,incongruent,f,This was the last trial.,,,,,0,1,1,1,4,10,74,13,,,,j,0,0.20036119417636655,2,19,female,001,2018_Sep_16_2125,StroopExperiment_Full_version2,60.071606788674046,
red,yellow,incongruent,k,This was the last trial.,,,,,0,1,1,1,4,11,75,3,,,,k,1,0.06693948165047914,2,19,female,001,2018_Sep_16_2125,StroopExperiment_Full_version2,60.071606788674046,
red,red,congruent,d,This was the last trial.,,,,,0,1,1,1,4,12,76,0,,,,d,1,0.4504415245610289,2,19,female,001,2018_Sep_16_2125,StroopExperiment_Full_version2,60.071606788674046,
yellow,green,incongruent,j,This was the last trial.,,,,,0,1,1,1,4,13,77,14,,,,f,0,0.06698592414613813,2,19,female,001,2018_Sep_16_2125,StroopExperiment_Full_version2,60.071606788674046,
blue,blue,congruent,f,This was the last trial.,,,,,0,1,1,1,4,14,78,5,,,,j,0,0.16702039731899276,2,19,female,001,2018_Sep_16_2125,StroopExperiment_Full_version2,60.071606788674046,
blue,green,incongruent,j,This was the last trial.,,,,,0,1,1,1,4,15,79,6,,,,k,0,0.0670082014403306,2,19,female,001,2018_Sep_16_2125,StroopExperiment_Full_version2,60.071606788674046,
,,,,This was the last trial.,,,,,0,1,1,1,,,,,,,,,,,2,19,female,001,2018_Sep_16_2125,StroopExperiment_Full_version2,60.071606788674046,
